color,director_name,num_critic_for_reviews,duration,director_facebook_likes,actor_3_facebook_likes,actor_2_name,actor_1_facebook_likes,gross,0,actor_1_name,movie_title,num_voted_users,cast_total_facebook_likes,actor_3_name,facenumber_in_poster,plot_keywords,movie_imdb_link,num_user_for_reviews,language,country,content_rating,budget,title_year,actor_2_facebook_likes,imdb_score,aspect_ratio,movie_facebook_likes
Color,James Cameron,723,178,0,855,Joel David Moore,1000,760505847,2,CCH Pounder,Avatar,886204,4834,Wes Studi,0,avatar|future|marine|native|paraplegic,http://www.imdb.com/title/tt0499549/?ref_=fn_tt_tt_1,3054,English,USA,PG-13,237000000,2009,936,7.9,1.78,33000
Color,Gore Verbinski,302,169,563,1000,Orlando Bloom,40000,309404152,1,Johnny Depp,Pirates of the Caribbean: At World's End ,471220,48350,Jack Davenport,0,goddess|marriage ceremony|marriage proposal|pirate|singapore,http://www.imdb.com/title/tt0449088/?ref_=fn_tt_tt_1,1238,English,USA,PG-13,300000000,2007,5000,7.1,2.35,0
Color,Sam Mendes,602,148,0,161,Rory Kinnear,11000,200074175,5,Christoph Waltz,Spectre ,275868,11700,Stephanie Sigman,1,bomb|espionage|sequel|spy|terrorist,http://www.imdb.com/title/tt2379713/?ref_=fn_tt_tt_1,994,English,UK,PG-13,245000000,2015,393,6.8,2.35,85000
Color,Christopher Nolan,813,164,22000,23000,Christian Bale,27000,448130642,1,Tom Hardy,The Dark Knight Rises ,1144337,106759,Joseph Gordon-Levitt,0,deception|imprisonment|lawlessness|police officer|terrorist plot,http://www.imdb.com/title/tt1345836/?ref_=fn_tt_tt_1,2701,English,USA,PG-13,250000000,2012,23000,8.5,2.35,164000
,Doug Walker,,,131,,Rob Walker,131,,7,Doug Walker,Star 14s: Episode VII - The Force Awakens             ,8,143,,0,,http://www.imdb.com/title/tt5289954/?ref_=fn_tt_tt_1,,,,,,,12,7.1,,0
Color,Andrew Stanton,462,132,475,530,Samantha Morton,640,73058679,1,Daryl Sabara,John Carter ,212204,1873,Polly Walker,1,alien|american civil war|male nipple|mars|princess,http://www.imdb.com/title/tt0401729/?ref_=fn_tt_tt_1,738,English,USA,PG-13,263700000,2012,632,6.6,2.35,24000
Color,Sam Raimi,392,156,0,4000,James Franco,24000,336530303,2,J.K. Simmons,Spider-Man 3 ,383056,46055,Kirsten Dunst,0,sandman|spider man|symbiote|venom|villain,http://www.imdb.com/title/tt0413300/?ref_=fn_tt_tt_1,1902,English,USA,PG-13,258000000,2007,11000,6.2,2.35,0
Color,Nathan Greno,324,100,15,284,Donna Murphy,799,200807262,3,Brad Garrett,Tangled ,294810,2036,M.C. Gainey,1,17th century|based on fairy tale|disney|flower|tower,http://www.imdb.com/title/tt0398286/?ref_=fn_tt_tt_1,387,English,USA,PG,260000000,2010,553,7.8,1.85,29000
Color,Joss Whedon,635,141,0,19000,Robert Downey Jr.,26000,458991599,6,Chris Hemsworth,Avengers: Age of Ultron ,462669,92000,Scarlett Johansson,4,artificial intelligence|based on comic book|captain america|marvel cinematic universe|superhero,http://www.imdb.com/title/tt2395427/?ref_=fn_tt_tt_1,1117,English,USA,PG-13,250000000,2015,21000,7.5,2.35,118000
Color,David Yates,375,153,282,10000,Daniel Radcliffe,25000,301956980,2,Alan Rickman,Harry Potter and the Half-Blood Prince ,321795,58753,Rupert Grint,3,blood|book|love|potion|professor,http://www.imdb.com/title/tt0417741/?ref_=fn_tt_tt_1,973,English,UK,PG,250000000,2009,11000,7.5,2.35,10000
Color,Zack Snyder,673,183,0,2000,Lauren Cohan,15000,330249062,1,Henry Cavill,Batman v Superman: Dawn of Justice ,371639,24450,Alan D. Purwin,0,based on comic book|batman|sequel to a reboot|superhero|superman,http://www.imdb.com/title/tt2975590/?ref_=fn_tt_tt_1,3018,English,USA,PG-13,250000000,2016,4000,6.9,2.35,197000
Color,Bryan Singer,434,169,0,903,Marlon Brando,18000,200069408,1,Kevin Spacey,Superman Returns ,240396,29991,Frank Langella,0,crystal|epic|lex luthor|lois lane|return to earth,http://www.imdb.com/title/tt0348150/?ref_=fn_tt_tt_1,2367,English,USA,PG-13,209000000,2006,10000,6.1,2.35,0
Color,Marc Forster,403,106,395,393,Mathieu Amalric,451,168368427,2,Giancarlo Giannini,Quantum of Solace ,330784,2023,Rory Kinnear,1,1 hero|attempted rape|bond girl|official james bond series|revenge,http://www.imdb.com/title/tt0830515/?ref_=fn_tt_tt_1,1243,English,UK,PG-13,200000000,2008,412,6.7,2.35,0
Color,Gore Verbinski,313,151,563,1000,Orlando Bloom,40000,423032628,3,Johnny Depp,Pirates of the Caribbean: Dead Man's Chest ,522040,48486,Jack Davenport,2,box office hit|giant squid|heart|liar's dice|monster,http://www.imdb.com/title/tt0383574/?ref_=fn_tt_tt_1,1832,English,USA,PG-13,225000000,2006,5000,7.3,2.35,5000
Color,Gore Verbinski,450,150,563,1000,Ruth Wilson,40000,89289910,1,Johnny Depp,The Lone Ranger ,181792,45757,Tom Wilkinson,1,horse|outlaw|texas|texas ranger|train,http://www.imdb.com/title/tt1210819/?ref_=fn_tt_tt_1,711,English,USA,PG-13,215000000,2013,2000,5,2.35,48000
Color,Zack Snyder,733,143,0,748,Christopher Meloni,15000,291021565,3,Henry Cavill,Man of Steel ,548573,20495,Harry Lennix,0,based on comic book|british actor playing american character|final battle|origin of hero|reboot,http://www.imdb.com/title/tt0770828/?ref_=fn_tt_tt_1,2536,English,USA,PG-13,225000000,2013,3000,7.2,2.35,118000
Color,Andrew Adamson,258,150,80,201,Pierfrancesco Favino,22000,141614023,2,Peter Dinklage,The Chronicles of Narnia: Prince Caspian ,149922,22697,Dami n Alc zar,4,brother brother relationship|brother sister relationship|good versus evil|king|narnia,http://www.imdb.com/title/tt0499448/?ref_=fn_tt_tt_1,438,English,USA,PG,225000000,2008,216,6.6,2.35,0
Color,Joss Whedon,703,173,0,19000,Robert Downey Jr.,26000,623279547,6,Chris Hemsworth,The Avengers ,995415,87697,Scarlett Johansson,3,alien invasion|assassin|battle|iron man|soldier,http://www.imdb.com/title/tt0848228/?ref_=fn_tt_tt_1,1722,English,USA,PG-13,220000000,2012,21000,8.1,1.85,123000
Color,Rob Marshall,448,136,252,1000,Sam Claflin,40000,241063875,3,Johnny Depp,Pirates of the Caribbean: On Stranger Tides ,370704,54083,Stephen Graham,4,blackbeard|captain|pirate|revenge|soldier,http://www.imdb.com/title/tt1298650/?ref_=fn_tt_tt_1,484,English,USA,PG-13,250000000,2011,11000,6.7,2.35,58000
Color,Barry Sonnenfeld,451,106,188,718,Michael Stuhlbarg,10000,179020854,6,Will Smith,Men in Black 3 ,268154,12572,Nicole Scherzinger,1,alien|criminal|m.i.b.|maximum security prison|prison,http://www.imdb.com/title/tt1409024/?ref_=fn_tt_tt_1,341,English,USA,PG-13,225000000,2012,816,6.8,1.85,40000
Color,Peter Jackson,422,164,0,773,Adam Brown,5000,255108370,3,Aidan Turner,The Hobbit: The Battle of the Five Armies ,354228,9152,James Nesbitt,0,army|elf|hobbit|middle earth|orc,http://www.imdb.com/title/tt2310332/?ref_=fn_tt_tt_1,802,English,New Zealand,PG-13,250000000,2014,972,7.5,2.35,65000
Color,Marc Webb,599,153,464,963,Andrew Garfield,15000,262030663,3,Emma Stone,The Amazing Spider-Man ,451803,28489,Chris Zylka,0,lizard|outcast|spider|spider man|teenager,http://www.imdb.com/title/tt0948470/?ref_=fn_tt_tt_1,1225,English,USA,PG-13,230000000,2012,10000,7,2.35,56000
Color,Ridley Scott,343,156,0,738,William Hurt,891,105219735,2,Mark Addy,Robin Hood ,211765,3244,Scott Grimes,0,1190s|archer|england|king of england|robin hood,http://www.imdb.com/title/tt0955308/?ref_=fn_tt_tt_1,546,English,USA,PG-13,200000000,2010,882,6.7,2.35,17000
Color,Peter Jackson,509,186,0,773,Adam Brown,5000,258355354,3,Aidan Turner,The Hobbit: The Desolation of Smaug ,483540,9152,James Nesbitt,6,dwarf|elf|lake town|mountain|sword and sorcery,http://www.imdb.com/title/tt1170358/?ref_=fn_tt_tt_1,951,English,USA,PG-13,225000000,2013,972,7.9,2.35,83000
Color,Chris Weitz,251,113,129,1000,Eva Green,16000,70083519,10,Christopher Lee,The Golden Compass ,149019,24106,Kristin Scott Thomas,2,children|epic|friend|girl|quest,http://www.imdb.com/title/tt0385752/?ref_=fn_tt_tt_1,666,English,USA,PG-13,180000000,2007,6000,6.1,2.35,0
Color,Peter Jackson,446,201,0,84,Thomas Kretschmann,6000,218051260,8,Naomi Watts,King Kong ,316018,7123,Evan Parke,0,animal name in title|ape abducts a woman|gorilla|island|king kong,http://www.imdb.com/title/tt0360717/?ref_=fn_tt_tt_1,2618,English,New Zealand,PG-13,207000000,2005,919,7.2,2.35,0
Color,James Cameron,315,194,0,794,Kate Winslet,29000,658672302,8,Leonardo DiCaprio,Titanic ,793059,45223,Gloria Stuart,0,artist|love|ship|titanic|wet,http://www.imdb.com/title/tt0120338/?ref_=fn_tt_tt_1,2528,English,USA,PG-13,200000000,1997,14000,7.7,2.35,26000
Color,Anthony Russo,516,147,94,11000,Scarlett Johansson,21000,407197282,6,Robert Downey Jr.,Captain America: Civil 14 ,272670,64798,Chris Evans,0,based on comic book|knife|marvel cinematic universe|returning character killed off|superhero,http://www.imdb.com/title/tt3498820/?ref_=fn_tt_tt_1,1022,English,USA,PG-13,250000000,2016,19000,8.2,2.35,72000
Color,Peter Berg,377,131,532,627,Alexander Skarsg rd,14000,65173160,5,Liam Neeson,Battleship ,202382,26679,Tadanobu Asano,0,box office flop|hawaii|naval|oahu hawaii|ship,http://www.imdb.com/title/tt1440129/?ref_=fn_tt_tt_1,751,English,USA,PG-13,209000000,2012,10000,5.9,2.35,44000
Color,Colin Trevorrow,644,124,365,1000,Judy Greer,3000,652177271,5,Bryce Dallas Howard,Jurassic World ,418214,8458,Omar Sy,0,dinosaur|disaster film|experiment gone wrong|jurassic park|velociraptor,http://www.imdb.com/title/tt0369610/?ref_=fn_tt_tt_1,1290,English,USA,PG-13,150000000,2015,2000,7,2,150000
Color,Sam Mendes,750,143,0,393,Helen McCrory,883,304360277,2,Albert Finney,Skyfall ,522030,2039,Rory Kinnear,0,brawl|childhood home|computer cracker|intelligence agency|terrorist cell,http://www.imdb.com/title/tt1074638/?ref_=fn_tt_tt_1,1498,English,UK,PG-13,200000000,2012,563,7.8,2.35,80000
Color,Sam Raimi,300,135,0,4000,James Franco,24000,373377893,8,J.K. Simmons,Spider-Man 2 ,411164,43388,Kirsten Dunst,1,death|doctor|scientist|super villain|tentacle,http://www.imdb.com/title/tt0316654/?ref_=fn_tt_tt_1,1303,English,USA,PG-13,200000000,2004,11000,7.3,2.35,0
Color,Shane Black,608,195,1000,3000,Jon Favreau,21000,408992272,6,Robert Downey Jr.,Iron Man 3 ,557489,30426,Don Cheadle,3,armor|explosion|human bomb|missile attack|terrorist,http://www.imdb.com/title/tt1300854/?ref_=fn_tt_tt_1,1187,English,USA,PG-13,200000000,2013,4000,7.2,2.35,95000
Color,Tim Burton,451,108,13000,11000,Alan Rickman,40000,334185206,10,Johnny Depp,Alice in Wonderland ,306320,79957,Anne Hathaway,0,alice in wonderland|mistaking reality for dream|queen|shrinking|shrinking potion,http://www.imdb.com/title/tt1014759/?ref_=fn_tt_tt_1,736,English,USA,PG,200000000,2010,25000,5,1.85,24000
Color,Brett Ratner,334,104,420,560,Kelsey Grammer,20000,234360014,3,Hugh Jackman,X-Men: The Last Stand ,383427,21714,Daniel Cudmore,0,battle|mutant|outrage|walking through a wall|x men,http://www.imdb.com/title/tt0376994/?ref_=fn_tt_tt_1,1912,English,Canada,PG-13,210000000,2006,808,6.8,2.35,0
Color,Dan Scanlon,376,104,37,760,Tyler Labine,12000,268488329,4,Steve Buscemi,Monsters University ,235025,14863,Sean Hayes,0,cheating|fraternity|monster|singing in a car|university,http://www.imdb.com/title/tt1453405/?ref_=fn_tt_tt_1,265,English,USA,G,200000000,2013,779,7.3,1.85,44000
Color,Michael Bay,366,150,0,464,Kevin Dunn,894,402076689,6,Glenn Morshower,Transformers: Revenge of the Fallen ,323207,3218,Ramon Rodriguez,0,autobot|decepticon|machine|sun|symbol,http://www.imdb.com/title/tt1055369/?ref_=fn_tt_tt_1,1439,English,USA,PG-13,200000000,2009,581,6,2.35,0
Color,Michael Bay,378,165,0,808,Sophia Myles,974,245428137,6,Bingbing Li,Transformers: Age of Extinction ,242420,3988,Kelsey Grammer,2,blockbuster|bumblebee the character|semi truck and trailer|texas|truck,http://www.imdb.com/title/tt2109248/?ref_=fn_tt_tt_1,918,English,USA,PG-13,210000000,2014,956,5.7,2.35,56000
Color,Sam Raimi,525,130,0,11000,Mila Kunis,44000,234903076,10,Tim Holmes,Oz the Great and Powerful ,175409,73441,James Franco,4,circus|magic|magician|oz|witch,http://www.imdb.com/title/tt1623205/?ref_=fn_tt_tt_1,511,English,USA,PG,215000000,2013,15000,6.4,2.35,60000
Color,Marc Webb,495,142,464,825,Andrew Garfield,15000,202853933,3,Emma Stone,The Amazing Spider-Man 2 ,321227,28631,B.J. Novak,0,costumed hero|death of girlfriend|masked vigilante|returning character killed off|teenager,http://www.imdb.com/title/tt1872181/?ref_=fn_tt_tt_1,1067,English,USA,PG-13,200000000,2014,10000,6.7,2.35,41000
Color,Joseph Kosinski,469,125,364,1000,Olivia Wilde,12000,172051787,6,Jeff Bridges,TRON: Legacy ,264183,25550,James Frain,0,arcade|bridge|disappearance|escape|warrior,http://www.imdb.com/title/tt1104001/?ref_=fn_tt_tt_1,665,English,USA,PG,170000000,2010,10000,6.8,2.35,30000
Color,John Lasseter,304,106,487,776,Thomas Kretschmann,1000,191450875,4,Joe Mantegna,Cars 2 ,101178,4482,Eddie Izzard,0,best friend|car race|conspiracy|gadget car|spy,http://www.imdb.com/title/tt1216475/?ref_=fn_tt_tt_1,283,English,USA,G,200000000,2011,919,6.3,2.35,10000
Color,Martin Campbell,436,123,258,326,Temuera Morrison,16000,116593191,6,Ryan Reynolds,Green Lantern ,223393,17657,Taika Waititi,2,autopsy|lantern|planet|ring|test pilot,http://www.imdb.com/title/tt1133985/?ref_=fn_tt_tt_1,550,English,USA,PG-13,200000000,2011,368,5.6,2.35,24000
Color,Lee Unkrich,453,103,125,721,John Ratzenberger,15000,414984497,4,Tom Hanks,Toy Story 3 ,544884,19085,Don Rickles,3,college|day care|escape|teddy bear|toy,http://www.imdb.com/title/tt0435761/?ref_=fn_tt_tt_1,733,English,USA,G,200000000,2010,1000,8.3,1.85,30000
Color,McG,422,118,368,988,Bryce Dallas Howard,23000,125320003,6,Christian Bale,Terminator Salvation ,286095,27468,Common,0,death row|future|machine|rescue|skynet,http://www.imdb.com/title/tt0438488/?ref_=fn_tt_tt_1,974,English,USA,PG-13,200000000,2009,3000,6.6,2.35,0
Color,James Wan,424,140,0,14000,Paul Walker,26000,350034110,20,Jason Statham,Furious 7 ,278232,79150,Vin Diesel,0,car falling off a cliff|hospital|revenge|star died before release|terrorist,http://www.imdb.com/title/tt2820852/?ref_=fn_tt_tt_1,657,English,USA,PG-13,190000000,2015,23000,7.2,2.35,94000
Color,Marc Forster,654,123,395,1000,Brad Pitt,17000,202351611,5,Peter Capaldi,World 14 Z ,465019,32392,Mireille Enos,0,chaos|disease|infection|pandemic|zombie,http://www.imdb.com/title/tt0816711/?ref_=fn_tt_tt_1,995,English,USA,PG-13,190000000,2013,11000,7,2.35,129000
Color,Bryan Singer,539,149,0,20000,Peter Dinklage,34000,233914986,3,Jennifer Lawrence,X-Men: Days of Future Past ,514125,91434,Hugh Jackman,7,dystopia|super strength|supernatural power|time paradox|time travel,http://www.imdb.com/title/tt1877832/?ref_=fn_tt_tt_1,752,English,USA,PG-13,200000000,2014,22000,8,2.35,82000
Color,J.J. Abrams,590,132,14000,928,Bruce Greenwood,19000,228756232,6,Benedict Cumberbatch,Star Trek Into Darkness ,395573,21411,Noel Clarke,0,admiral|captain|manhunt|mission|space,http://www.imdb.com/title/tt1408101/?ref_=fn_tt_tt_1,1171,English,USA,PG-13,190000000,2013,981,7.8,2.35,92000
Color,Bryan Singer,338,114,0,140,Ewen Bremner,979,65171860,3,Eddie Marsan,Jack the Giant Slayer ,106416,1766,Ralph Brown,1,bean|giant|king|no opening credits|princess,http://www.imdb.com/title/tt1351685/?ref_=fn_tt_tt_1,205,English,USA,PG-13,195000000,2013,557,6.3,2.35,22000
Color,Baz Luhrmann,490,143,1000,77,Elizabeth Debicki,29000,144812796,8,Leonardo DiCaprio,The Great Gatsby ,362912,29770,Steve Bisley,4,ingratitude|mansion|party|title appears in writing|tragedy,http://www.imdb.com/title/tt1343092/?ref_=fn_tt_tt_1,753,English,Australia,PG-13,105000000,2013,509,7.3,2.35,115000
Color,Mike Newell,306,116,179,236,Richard Coyle,15000,90755643,8,Jake Gyllenhaal,Prince of Persia: The Sands of Time ,222403,16149,Reece Ritchie,2,alamut|dagger|king|persia|princess,http://www.imdb.com/title/tt0473075/?ref_=fn_tt_tt_1,453,English,USA,PG-13,200000000,2010,567,6.6,2.35,23000
Color,Guillermo del Toro,575,131,0,919,Clifton Collins Jr.,16000,101785482,6,Charlie Hunnam,Pacific Rim ,381148,19166,Larry Joe Campbell,0,giant monster|kaiju|pilot|portal|robot,http://www.imdb.com/title/tt1663662/?ref_=fn_tt_tt_1,1106,English,USA,PG-13,190000000,2013,968,7,1.85,83000
Color,Michael Bay,428,154,0,581,Lester Speight,894,352358779,6,Glenn Morshower,Transformers: Dark of the Moon ,326180,2593,Kevin Dunn,2,autobot|decepticon|job interview|moon|spacecraft,http://www.imdb.com/title/tt1399103/?ref_=fn_tt_tt_1,899,English,USA,PG-13,195000000,2011,829,6.3,2.35,46000
Color,Steven Spielberg,470,122,14000,1000,Ray Winstone,11000,317011114,3,Harrison Ford,Indiana Jones and the Kingdom of the Crystal Skull ,333847,14959,Jim Broadbent,2,cult figure|femme fatale|indiana jones|unsubtitled foreign language|year 1957,http://www.imdb.com/title/tt0367882/?ref_=fn_tt_tt_1,2054,English,USA,PG-13,185000000,2008,1000,6.2,2.35,5000
Color,Peter Sohn,298,93,113,113,Jack McGraw,275,123070338,4,A.J. Buckley,The Good Dinosaur ,62836,696,Peter Sohn,0,apatosaurus|asteroid|dinosaur|fear|river,http://www.imdb.com/title/tt1979388/?ref_=fn_tt_tt_1,345,English,USA,PG,,2015,150,6.8,2.35,20000
Color,Mark Andrews,488,93,56,838,John Ratzenberger,2000,237282182,4,Kelly Macdonald,Brave ,273556,5005,Julie Walters,0,archery|coming of age|female warrior|princess|rebellious daughter,http://www.imdb.com/title/tt1217209/?ref_=fn_tt_tt_1,428,English,USA,PG,185000000,2012,1000,7.2,2.35,39000
Color,Justin Lin,322,122,681,105,Melissa Roxburgh,998,130468626,5,Sofia Boutella,Star Trek Beyond ,53607,1327,Lydia Wilson,4,hatred|sequel|space opera|star trek|third part,http://www.imdb.com/title/tt2660888/?ref_=fn_tt_tt_1,432,English,USA,PG-13,185000000,2016,119,7.5,2.35,30000
Color,Andrew Stanton,421,98,475,522,Fred Willard,1000,223806889,4,John Ratzenberger,WALL E ,718837,2975,Jeff Garlin,0,earth|obesity|plant|robot|soil,http://www.imdb.com/title/tt0910970/?ref_=fn_tt_tt_1,1043,English,USA,G,180000000,2008,729,8.4,2.35,16000
Color,Brett Ratner,162,91,420,173,Dana Ivey,268,140080850,1,Tzi Ma,Rush Hour 3 ,121084,1125,No mie Lenoir,2,ambassador|assassination|chinese|french|triad,http://www.imdb.com/title/tt0293564/?ref_=fn_tt_tt_1,221,English,USA,PG-13,140000000,2007,268,6.2,2.35,0
Color,Roland Emmerich,367,158,776,310,Liam James,1000,166112167,6,Oliver Platt,2012,283418,2144,Tom McCarthy,0,ark|catastrophe|geologist|president|writer,http://www.imdb.com/title/tt1190080/?ref_=fn_tt_tt_1,1055,English,USA,PG-13,200000000,2009,468,5.8,2.35,13000
Color,Robert Zemeckis,240,96,0,10000,Colin Firth,18000,137850096,4,Robin Wright,A Christmas Carol ,72809,48878,Gary Oldman,0,charles dickens|christmas|christmas eve|ghost|scrooge,http://www.imdb.com/title/tt1067106/?ref_=fn_tt_tt_1,249,English,USA,PG,200000000,2009,14000,6.8,2.35,0
Color,Lana Wachowski,384,127,0,13000,Mila Kunis,17000,47375327,6,Channing Tatum,Jupiter Ascending ,139593,47334,Eddie Redmayne,1,box office flop|critically bashed|planet earth|space opera|woman in bra and panties,http://www.imdb.com/title/tt1617661/?ref_=fn_tt_tt_1,720,English,USA,PG-13,176000000,2015,15000,5.4,2.35,44000
Color,David Yates,248,110,282,103,Alexander Skarsg rd,11000,124051759,8,Christoph Waltz,The Legend of Tarzan ,42372,21175,Casper Crump,2,africa|capture|jungle|male objectification|tarzan,http://www.imdb.com/title/tt0918940/?ref_=fn_tt_tt_1,239,English,USA,PG-13,180000000,2016,10000,6.6,2.35,29000
Color,Andrew Adamson,284,150,80,82,Kiran Shah,1000,291709845,10,Jim Broadbent,"The Chronicles of Narnia: The Lion, the Witch and the 14drobe ",286506,1317,Shane Rangi,5,hide and seek|lion|magic|professor|snow,http://www.imdb.com/title/tt0363771/?ref_=fn_tt_tt_1,1463,English,USA,PG,180000000,2005,190,6.9,2.35,0
Color,Bryan Singer,396,144,0,1000,Michael Fassbender,34000,154985087,6,Jennifer Lawrence,X-Men: Apocalypse ,148379,49684,Tye Sheridan,6,mutant|superhero|superhero team|x men|year 1983,http://www.imdb.com/title/tt3385516/?ref_=fn_tt_tt_1,622,English,USA,PG-13,178000000,2016,13000,7.3,2.35,54000
Color,Christopher Nolan,645,152,22000,11000,Heath Ledger,23000,533316061,12,Christian Bale,The Dark Knight ,1676169,57802,Morgan Freeman,0,based on comic book|dc comics|psychopath|star died before release|urban setting,http://www.imdb.com/title/tt0468569/?ref_=fn_tt_tt_1,4667,English,USA,PG-13,185000000,2008,13000,9,2.35,37000
Color,Pete Docter,408,96,0,262,Delroy Lindo,1000,292979556,4,John Ratzenberger,Up ,665575,2635,Jess Harnell,1,balloon|house|promise|retirement|skeleton,http://www.imdb.com/title/tt1049413/?ref_=fn_tt_tt_1,704,English,USA,PG,175000000,2009,848,8.3,1.85,27000
Color,Rob Letterman,219,94,11,459,Rainn Wilson,1000,198332128,4,Amy Poehler,Monsters vs. Aliens ,114553,2579,Stephen Colbert,2,alien|alien invasion|alien space craft|giant|giantess,http://www.imdb.com/title/tt0892782/?ref_=fn_tt_tt_1,187,English,USA,PG,175000000,2009,973,5,2.35,0
Color,Jon Favreau,486,126,4000,4000,Jeff Bridges,21000,318298180,6,Robert Downey Jr.,Iron Man ,696338,39252,Jon Favreau,3,afghanistan|billionaire|inventor|playboy|u.s. air force,http://www.imdb.com/title/tt0371746/?ref_=fn_tt_tt_1,1055,English,USA,PG-13,140000000,2008,12000,7.9,2.35,10000
Color,Martin Scorsese,682,126,17000,1000,Christopher Lee,17000,73820094,2,Chlo  Grace Moretz,Hugo ,245333,36017,Ray Winstone,0,automaton|mechanical|railway station|steampunk|train,http://www.imdb.com/title/tt0970179/?ref_=fn_tt_tt_1,678,English,USA,PG,170000000,2011,16000,7.5,1.85,42000
Color,Barry Sonnenfeld,85,106,188,582,Salma Hayek,10000,113745408,1,Will Smith,Wild Wild West ,129601,15870,Bai Ling,2,buddy movie|general|inventor|steampunk|utah,http://www.imdb.com/title/tt0120891/?ref_=fn_tt_tt_1,648,English,USA,PG-13,170000000,1999,4000,4.8,1.85,0
Color,Rob Cohen,264,112,357,595,Brendan Fraser,5000,102176165,3,Jet Li,The Mummy: Tomb of the Dragon Emperor ,117927,9131,Russell Wong,2,army|china|emperor|mummy|shangri la,http://www.imdb.com/title/tt0859163/?ref_=fn_tt_tt_1,501,English,USA,PG-13,145000000,2008,3000,5.2,2.35,0
Color,David Ayer,418,123,452,329,Robin Atkin Downes,10000,161087183,2,Will Smith,Suicide Squad ,118992,11287,Ike Barinholtz,8,based on comic book|critically bashed|father daughter relationship|reference to superman|super villain,http://www.imdb.com/title/tt1386697/?ref_=fn_tt_tt_1,971,English,USA,PG-13,175000000,2016,336,6.9,2.35,80000
Color,Tom Shadyac,186,96,293,7000,Morgan Freeman,87000,100289690,9,Jimmy Bennett,Evan Almighty ,115099,108016,Steve Carell,0,ark|change|congressman|depiction of god|flood,http://www.imdb.com/title/tt0413099/?ref_=fn_tt_tt_1,257,English,USA,PG,175000000,2007,11000,5.4,2.35,2000
Color,Doug Liman,585,113,218,509,Lara Pulver,10000,100189501,6,Tom Cruise,Edge of Tomorrow ,431620,12652,Noah Taylor,1,alien|combat|dying repeatedly|end of the world|time loop,http://www.imdb.com/title/tt1631867/?ref_=fn_tt_tt_1,741,English,USA,PG-13,178000000,2014,854,7.9,2.35,77000
Color,Kevin Reynolds,91,176,58,60,Rick Aviles,711,88246220,5,Jeanne Tripplehorn,Waterworld ,144337,1004,Zakes Mokae,0,future|sail|sea|smoker|water,http://www.imdb.com/title/tt0114898/?ref_=fn_tt_tt_1,309,English,USA,PG-13,175000000,1995,60,6.1,1.85,0
Color,Stephen Sommers,250,118,208,570,Dennis Quaid,23000,150167630,5,Joseph Gordon-Levitt,G.I. Joe: The Rise of Cobra ,174578,26683,Leo Howard,4,cobra|gi joe|snake|train|warhead,http://www.imdb.com/title/tt1046173/?ref_=fn_tt_tt_1,534,English,USA,PG-13,175000000,2009,2000,5.8,2.35,0
Color,Pete Docter,536,95,0,384,Mindy Kaling,1000,356454367,4,Amy Poehler,Inside Out ,345198,2944,Phyllis Smith,1,anger|joy|memory|running away|sadness,http://www.imdb.com/title/tt2096673/?ref_=fn_tt_tt_1,773,English,USA,PG,175000000,2015,767,8.3,1.85,118000
Color,Jon Favreau,370,106,4000,591,Bill Murray,19000,362645141,2,Scarlett Johansson,The Jungle Book ,106072,32921,Garry Shandling,0,fire|jungle|remake|tiger|wolf,http://www.imdb.com/title/tt3040964/?ref_=fn_tt_tt_1,398,English,UK,PG,175000000,2016,13000,7.8,1.85,65000
Color,Jon Favreau,453,124,4000,4000,Scarlett Johansson,21000,312057433,6,Robert Downey Jr.,Iron Man 2 ,522371,48638,Jon Favreau,4,hammer|military|monaco|revenge|tony stark,http://www.imdb.com/title/tt1228705/?ref_=fn_tt_tt_1,723,English,USA,PG-13,200000000,2010,19000,7,2.35,18000
Color,Rupert Sanders,416,132,274,11000,Kristen Stewart,26000,155111815,13,Chris Hemsworth,Snow White and the Huntsman ,228554,72881,Sam Claflin,0,evil queen|fairy tale|magic|queen|snow white,http://www.imdb.com/title/tt1735898/?ref_=fn_tt_tt_1,710,English,USA,PG-13,170000000,2012,17000,6.1,2.35,53000
Color,Robert Stromberg,401,97,171,846,Sharlto Copley,11000,241407328,2,Angelina Jolie Pitt,Maleficent ,252257,15516,Sam Riley,2,curse|dark 3|fairy|king|kingdom,http://www.imdb.com/title/tt1587310/?ref_=fn_tt_tt_1,634,English,USA,PG,180000000,2014,2000,7,2.35,89000
Color,Matt Reeves,521,130,198,884,Judy Greer,10000,208543795,12,Gary Oldman,Dawn of the Planet of the Apes ,317542,14363,Kodi Smit-McPhee,0,ape|dam|leader|post apocalypse|sequel,http://www.imdb.com/title/tt2103281/?ref_=fn_tt_tt_1,620,English,USA,PG-13,170000000,2014,2000,7.6,1.85,45000
Color,Roland Joff ,10,109,596,283,Alice Englert,622,,8,Tamsin Egerton,The Lovers ,2138,1982,Bipasha Basu,3,1770s|british india|great barrier reef|india|ring,http://www.imdb.com/title/tt1321869/?ref_=fn_tt_tt_1,15,English,Belgium,R,,2015,525,4.5,,677
Color,Carl Rinsch,218,128,47,982,Cary-Hiroyuki Tagawa,18000,38297305,13,Keanu Reeves,47 Ronin ,116994,20965,Jin Akanishi,2,box office flop|ronin|samurai|shogun|tournament,http://www.imdb.com/title/tt1335975/?ref_=fn_tt_tt_1,324,English,USA,PG-13,175000000,2013,1000,6.3,2.35,35000
Color,Anthony Russo,576,136,94,2000,Chris Evans,19000,259746958,6,Scarlett Johansson,Captain America: The Winter Soldier ,496749,36188,Hayley Atwell,1,conspiracy|heroism|megalomaniac|super soldier|world domination,http://www.imdb.com/title/tt1843866/?ref_=fn_tt_tt_1,742,English,USA,PG-13,170000000,2014,11000,7.8,2.35,55000
Color,Mike Mitchell,226,93,31,213,Kathy Griffin,4000,238371987,4,Jon Hamm,Shrek Forever After ,138661,4628,Mary Kay Place,2,alternate world|fairy tale parody|female warrior|ogre|true love,http://www.imdb.com/title/tt0892791/?ref_=fn_tt_tt_1,173,English,USA,PG,165000000,2010,225,6.4,2.35,0
Color,Brad Bird,443,130,663,604,Chris Bauer,2000,93417865,10,Judy Greer,Tomorrowland ,128306,5046,Thomas Robinson,2,boy genius|futuristic city|inventor|teenage girl|time travel,http://www.imdb.com/title/tt1964418/?ref_=fn_tt_tt_1,497,English,USA,PG,190000000,2015,638,5,2.2,37000
Color,Don Hall,384,102,38,562,Daniel Henney,756,222487711,10,Damon Wayans Jr.,Big Hero 6 ,279093,2963,Abraham Benrubi,0,high tech|martial arts|masked man|robot|superhero,http://www.imdb.com/title/tt2245084/?ref_=fn_tt_tt_1,433,English,USA,PG,165000000,2014,719,7.9,2.39,41000
Color,Rich Moore,377,101,66,833,Sarah Silverman,975,189412677,4,Jack McBrayer,Wreck-It Ralph ,272534,4451,Joe Lo Truglio,1,arcade|candy|glitch|king|medal,http://www.imdb.com/title/tt1772341/?ref_=fn_tt_tt_1,345,English,USA,PG,165000000,2012,931,7.8,2.35,40000
Color,Robert Zemeckis,188,100,0,267,Eddie Deezen,15000,665426,4,Tom Hanks,The Polar Express ,120798,16264,Peter Scolari,0,boy|christmas|christmas eve|north pole|train,http://www.imdb.com/title/tt0338348/?ref_=fn_tt_tt_1,444,English,USA,G,165000000,2004,726,6.6,2.35,10000
Color,Roland Emmerich,286,120,776,535,Sela 14d,890,102315545,6,Vivica A. Fox,Independence Day: Resurgence ,58137,3233,Judd Hirsch,0,alien|battle|defense|independence day|mothership,http://www.imdb.com/title/tt1628841/?ref_=fn_tt_tt_1,520,English,USA,PG-13,165000000,2016,812,5.5,2.35,67000
Color,Dean DeBlois,288,98,255,759,America Ferrera,18000,217387997,4,Gerard Butler,How to Train Your Dragon ,485430,20453,Craig Ferguson,0,dragon|island|training|viking|village,http://www.imdb.com/title/tt0892769/?ref_=fn_tt_tt_1,492,English,USA,PG,165000000,2010,953,8.2,2.35,33000
Color,Jonathan Mostow,280,109,84,191,M.C. Gainey,648,150350192,1,Nick Stahl,Terminator 3: Rise of the Machines ,305340,1769,Carolyn Hennesy,0,drifter|exploding truck|future|machine|skynet,http://www.imdb.com/title/tt0181852/?ref_=fn_tt_tt_1,1676,English,USA,R,200000000,2003,284,6.4,2.35,0
Color,James Gunn,653,121,571,3000,Vin Diesel,14000,333130696,6,Bradley Cooper,Guardians of the Galaxy ,682155,32438,Djimon Hounsou,3,bounty hunter|outer space|raccoon|talking animal|tree,http://www.imdb.com/title/tt2015381/?ref_=fn_tt_tt_1,1097,English,USA,PG-13,170000000,2014,14000,8.1,2.35,96000
Color,Christopher Nolan,712,169,22000,6000,Anne Hathaway,11000,187991439,12,Matthew McConaughey,Interstellar ,928227,31488,Mackenzie Foy,1,black hole|father daughter relationship|saving the world|space travel|wormhole,http://www.imdb.com/title/tt0816692/?ref_=fn_tt_tt_1,2725,English,USA,PG-13,165000000,2014,11000,8.6,2.35,349000
Color,Christopher Nolan,642,148,22000,23000,Tom Hardy,29000,292568851,5,Leonardo DiCaprio,Inception ,1468200,81115,Joseph Gordon-Levitt,0,ambiguous ending|corporate espionage|dream|subconscious|thief,http://www.imdb.com/title/tt1375666/?ref_=fn_tt_tt_1,2803,English,USA,PG-13,160000000,2010,27000,8.8,2.35,175000
Color,Hideaki Anno,1,120,28,12,Shin'ya Tsukamoto,544,,12,Mark Chinnery,Godzilla Resurgence ,374,699,Atsuko Maeda,0,blood|godzilla|monster|sequel,http://www.imdb.com/title/tt4262980/?ref_=fn_tt_tt_1,13,Japanese,Japan,,,2016,106,8.2,2.35,0
Color,Peter Jackson,645,182,0,773,Adam Brown,5000,303001229,3,Aidan Turner,The Hobbit: An Unexpected Journey ,637246,9152,James Nesbitt,,dragon|dwarf|hobbit|orc|wizard,http://www.imdb.com/title/tt0903624/?ref_=fn_tt_tt_1,1367,English,USA,PG-13,180000000,2012,972,7.9,2.35,166000
Color,Rob Cohen,187,106,357,4000,Vin Diesel,23000,144512310,20,Paul Walker,The Fast and the Furious ,272223,45327,Jordana Brewster,2,eighteen wheeler|illegal street racing|truck|trucker|undercover cop,http://www.imdb.com/title/tt0232500/?ref_=fn_tt_tt_1,988,English,USA,PG-13,38000000,2001,14000,6.7,2.35,14000
Color,David Fincher,362,166,21000,919,Jason Flemyng,11000,127490802,18,Brad Pitt,The Curious Case of Benjamin Button ,459346,13333,Julia Ormond,2,deformed baby|diary|lingerie slip|older man younger woman relationship|premature aging,http://www.imdb.com/title/tt0421715/?ref_=fn_tt_tt_1,822,English,USA,PG-13,150000000,2008,1000,7.8,2.35,23000
Color,Matthew Vaughn,500,132,905,1000,Michael Fassbender,34000,146405371,6,Jennifer Lawrence,X-Men: First Class ,518537,50983,Oliver Platt,3,cia|cia agent|mutant|nuclear war|professor,http://www.imdb.com/title/tt1270798/?ref_=fn_tt_tt_1,698,English,USA,PG-13,160000000,2011,13000,7.8,2.35,54000
Color,Francis Lawrence,389,137,508,14000,Philip Seymour Hoffman,34000,281666058,6,Jennifer Lawrence,The Hunger Games: Mockingjay - Part 2 ,166137,81385,Josh Hutcherson,1,death of sister|dystopia|execution|rebellion|revolution,http://www.imdb.com/title/tt1951266/?ref_=fn_tt_tt_1,383,English,USA,PG-13,160000000,2015,22000,6.6,2.35,38000
Color,Jon Turteltaub,235,109,226,370,Omar Benson Miller,12000,63143812,2,Nicolas Cage,The Sorcerer's Apprentice ,124185,13388,Robert Capron,0,chosen one|enchanted object|love|spell|training,http://www.imdb.com/title/tt0963966/?ref_=fn_tt_tt_1,238,English,USA,PG,150000000,2010,418,6.1,2.35,11000
Color,Wolfgang Petersen,231,98,249,702,Mike Vogel,87000,60655503,12,Jimmy Bennett,Poseidon ,82380,92456,Andre Braugher,0,cruise|escape|ocean|passenger|water,http://www.imdb.com/title/tt0409182/?ref_=fn_tt_tt_1,629,English,USA,PG-13,160000000,2006,2000,5.6,2.35,0
Color,James Bobin,218,113,33,11000,Alan Rickman,40000,76846624,10,Johnny Depp,Alice Through the Looking Glass ,21352,80806,Anne Hathaway,1,clock|dark 3|mad hatter|queen|sequel,http://www.imdb.com/title/tt2567026/?ref_=fn_tt_tt_1,131,English,USA,PG,170000000,2016,25000,6.4,1.85,30000
Color,Chris Miller,227,93,50,692,Eric Idle,3000,320706665,4,Justin Timberlake,Shrek the Third ,211971,4705,Rupert Everett,2,disney spoof|fairy tale|prince|princess|tough guy,http://www.imdb.com/title/tt0413267/?ref_=fn_tt_tt_1,326,English,USA,PG,160000000,2007,795,6.1,1.85,0
Color,Duncan Jones,275,123,0,648,Callum Rennie,3000,46978995,3,Dominic Cooper,14craft ,111609,5505,Ruth Negga,0,based on video game|fictional language|fictional war|orc|sword and sorcery,http://www.imdb.com/title/tt0803096/?ref_=fn_tt_tt_1,781,English,USA,PG-13,160000000,2016,716,7.3,2.35,89000
Color,Alan Taylor,474,126,230,2000,Emilia Clarke,24000,89732035,6,J.K. Simmons,Terminator Genisys ,188457,38873,Matt Smith,2,alternate timeline|cyborg|future|robot|time machine,http://www.imdb.com/title/tt1340138/?ref_=fn_tt_tt_1,867,English,USA,PG-13,155000000,2015,10000,6.6,2.35,82000
Color,Michael Apted,228,113,150,59,Shane Rangi,531,104383624,10,Bruce Spence,The Chronicles of Narnia: The Voyage of the Dawn Treader ,106446,764,Laura Brent,4,dragon|king|mouse|quest|warrior,http://www.imdb.com/title/tt0980970/?ref_=fn_tt_tt_1,227,English,USA,PG,155000000,2010,82,6.3,1.78,11000
 Black and White,Michael Bay,191,184,0,691,Jaime King,3000,198539855,1,Jennifer Garner,Pearl Harbor ,254111,5401,Mako,0,air raid|black smoke|japanese military|japanese navy|sunday,http://www.imdb.com/title/tt0213149/?ref_=fn_tt_tt_1,1999,English,USA,PG-13,140000000,2001,961,6.1,2.35,0
Color,Michael Bay,396,144,0,581,Michael O'Neill,662,318759914,6,Zack 14d,Transformers ,513158,2333,Kevin Dunn,0,alien contact|autobot|decepticon|robot vs. robot|teenage hero,http://www.imdb.com/title/tt0418279/?ref_=fn_tt_tt_1,1782,English,USA,PG-13,150000000,2007,599,7.1,2.35,8000
Color,Oliver Stone,248,206,0,591,Angelina Jolie Pitt,12000,34293771,18,Anthony Hopkins,Alexander ,138863,24598,Brian Blessed,3,ancient greece|conquest|greek|greek myth|king,http://www.imdb.com/title/tt0346491/?ref_=fn_tt_tt_1,1390,English,Germany,R,155000000,2004,11000,5.5,2.35,0
Color,David Yates,329,138,282,687,Daniel Radcliffe,21000,292000866,10,Robert Pattinson,Harry Potter and the Order of the Phoenix ,355137,33433,Fiona Shaw,3,battle|magic|school|teacher|wizard,http://www.imdb.com/title/tt0373889/?ref_=fn_tt_tt_1,1108,English,UK,PG-13,150000000,2007,11000,7.5,2.35,0
Color,Mike Newell,295,157,179,10000,Daniel Radcliffe,21000,289994397,11,Robert Pattinson,Harry Potter and the Goblet of Fire ,385670,53413,Rupert Grint,1,fire|goblet|magic|tournament|wizard,http://www.imdb.com/title/tt0330373/?ref_=fn_tt_tt_1,1896,English,UK,PG-13,150000000,2005,11000,7.6,2.35,0
Color,Peter Berg,318,102,532,979,Charlize Theron,10000,227946274,1,Will Smith,Hancock ,343648,21584,Eddie Marsan,0,bully comeuppance|destruction|prison|superhero|tough girl,http://www.imdb.com/title/tt0448157/?ref_=fn_tt_tt_1,590,English,USA,PG-13,150000000,2008,9000,6.4,2.35,0
Color,Francis Lawrence,323,104,508,558,Alice Braga,10000,256386216,12,Will Smith,I Am Legend ,530870,13076,Willow Smith,0,new york city|pandemic|post apocalypse|survivalist|virus,http://www.imdb.com/title/tt0480249/?ref_=fn_tt_tt_1,1413,English,USA,PG-13,150000000,2007,1000,7.2,2.35,11000
Color,Tim Burton,276,115,13000,588,Christopher Lee,40000,206456431,2,Johnny Depp,Charlie and the Chocolate Factory ,320284,57844,David Kelly,3,chocolate|diminution|miniaturization|physical flexability|ticket,http://www.imdb.com/title/tt0367594/?ref_=fn_tt_tt_1,1361,English,USA,PG,150000000,2005,16000,6.7,1.85,0
Color,Brad Bird,318,111,663,954,John Ratzenberger,1000,206435493,4,Janeane Garofalo,Ratatouille ,473887,4764,Brian Dennehy,0,chef|food|french|rat|restaurant,http://www.imdb.com/title/tt0382932/?ref_=fn_tt_tt_1,626,English,USA,G,150000000,2007,1000,8,2.35,10000
Color,Christopher Nolan,478,128,22000,11000,Liam Neeson,23000,205343774,2,Christian Bale,Batman Begins ,980946,59558,Morgan Freeman,0,armored car|gangster|gotham|mixed martial arts|social decay,http://www.imdb.com/title/tt0372784/?ref_=fn_tt_tt_1,2685,English,USA,PG-13,150000000,2005,14000,8.3,2.35,15000
Color,Eric Darnell,167,89,35,436,Jada Pinkett Smith,1000,179982968,4,Bernie Mac,Madagascar: Escape 2 Africa ,146019,3285,Cedric the Entertainer,0,africa|madagascar|new york city|sequel|zoo,http://www.imdb.com/title/tt0479952/?ref_=fn_tt_tt_1,119,English,USA,PG,150000000,2008,851,6.7,1.85,0
Color,Shawn Levy,185,105,189,1000,Rami Malek,49000,177243721,2,Robin Williams,Night at the Museum: Battle of the Smithsonian ,130272,54039,Steve Coogan,2,hdtv|motorcycle|museum|security guard|tyrannosaurus rex,http://www.imdb.com/title/tt1078912/?ref_=fn_tt_tt_1,209,English,USA,PG,150000000,2009,3000,5.9,2.35,2000
Color,Gavin Hood,350,119,151,2000,Ryan Reynolds,20000,179883016,3,Hugh Jackman,X-Men Origins: Wolverine ,361924,40054,Dominic Monaghan,0,army|civil war|claw fight|commando|wolverine the character,http://www.imdb.com/title/tt0458525/?ref_=fn_tt_tt_1,641,English,USA,PG-13,150000000,2009,16000,6.7,2.35,0
Color,Lana Wachowski,245,129,0,233,Collin Chou,309,139259759,1,Essie Davis,The Matrix Revolutions ,364948,1062,Nona Gaye,0,battle|epic|fight|future|machine,http://www.imdb.com/title/tt0242653/?ref_=fn_tt_tt_1,2121,English,Australia,R,150000000,2003,269,6.7,2.35,0
Color,Chris Buck,406,102,69,490,Maurice LaMarche,1000,400736600,4,Josh Gad,Frozen ,421658,2582,Livvy Stubenrauch,0,magic|sister love|sister sister relationship|snow|snowman,http://www.imdb.com/title/tt2294629/?ref_=fn_tt_tt_1,904,English,USA,PG,150000000,2013,523,7.6,2.24,58000
Color,Lana Wachowski,275,138,0,30,Daniel Bernhardt,234,281492479,1,Steve Bastoni,The Matrix Reloaded ,421818,534,Helmut Bakaitis,0,car motorcycle chase|one against many|oracle|prophecy|stylized violence,http://www.imdb.com/title/tt0234215/?ref_=fn_tt_tt_1,2789,English,USA,R,150000000,2003,198,7.2,2.35,0
Color,Alan Taylor,486,112,230,12000,Natalie Portman,26000,206360018,19,Chris Hemsworth,Thor: The Dark World ,414070,59803,Anthony Hopkins,3,arrest|portal|thor|warrior|weapon,http://www.imdb.com/title/tt1981115/?ref_=fn_tt_tt_1,532,English,USA,PG-13,170000000,2013,20000,7.1,2.35,63000
Color,George Miller,739,120,750,943,Charlize Theron,27000,153629485,5,Tom Hardy,Mad Max: Fury Road ,552503,40025,Zo  Kravitz,0,australia|desert|escape|on the run|post apocalypse,http://www.imdb.com/title/tt1392190/?ref_=fn_tt_tt_1,1588,English,Australia,R,150000000,2015,9000,8.1,2.35,191000
Color,Ron Howard,298,146,2000,294,Ayelet Zurer,15000,133375846,11,Tom Hanks,Angels & Demons ,207839,16948,Armin Mueller-Stahl,2,conclave|illuminati|murder|reference to bernini|reference to raphael,http://www.imdb.com/title/tt0808151/?ref_=fn_tt_tt_1,435,English,USA,PG-13,150000000,2009,745,6.7,2.35,0
Color,Kenneth Branagh,516,115,0,12000,Natalie Portman,26000,181015141,19,Chris Hemsworth,Thor ,536314,60059,Anthony Hopkins,1,battle|marvel cinematic universe|scientist|thor|throne,http://www.imdb.com/title/tt0800369/?ref_=fn_tt_tt_1,738,English,USA,PG-13,150000000,2011,20000,7,2.35,63000
Color,Byron Howard,225,96,59,699,Diedrich Bader,17000,114053579,4,Chlo  Grace Moretz,Bolt ,146766,20007,James Lipton,0,cat|dog|hamster|new york city|superpower,http://www.imdb.com/title/tt0397892/?ref_=fn_tt_tt_1,178,English,USA,PG,150000000,2008,759,6.9,1.85,0
Color,Hoyt Yeatman,145,88,12,182,Piper Mackenzie Harris,730,119420252,4,Kelli Garner,G-Force ,33042,2217,Niecy Nash,0,fbi director|guinea pig|household appliance|secret agent|talking mouse,http://www.imdb.com/title/tt0436339/?ref_=fn_tt_tt_1,90,English,USA,PG,150000000,2009,607,5.1,2.35,0
Color,Jonathan Liebesman,310,99,473,502,Edgar Ram rez,14000,83640426,19,Liam Neeson,Wrath of the Titans ,152826,16184,Lily James,0,ares|hades|titan|underworld|zeus,http://www.imdb.com/title/tt1646987/?ref_=fn_tt_tt_1,253,English,USA,PG-13,150000000,2012,897,5.8,1.85,19000
Color,Tim Burton,526,113,13000,16000,Chlo  Grace Moretz,40000,79711678,9,Johnny Depp,Dark Shadows ,199039,80849,Christopher Lee,7,camera shot of feet|cartoon on tv|female stockinged feet|female stockinged soles|foot closeup,http://www.imdb.com/title/tt1077368/?ref_=fn_tt_tt_1,479,English,USA,PG-13,100000000,2012,17000,6.2,1.85,82000
Color,Christopher McQuarrie,465,131,188,641,Jeremy Renner,10000,195000874,2,Tom Cruise,Mission: Impossible - Rogue Nation ,232187,21840,Sean Harris,0,capture|computer hacker|mission|rogue agent|spy,http://www.imdb.com/title/tt2381249/?ref_=fn_tt_tt_1,440,English,China,PG-13,150000000,2015,10000,7.4,2.35,47000
Color,Joe Johnston,357,119,394,162,Simon Merrells,12000,61937495,13,Anthony Hopkins,The Wolfman ,89442,13071,Art Malik,0,asylum|death|full moon|transformation|werewolf,http://www.imdb.com/title/tt0780653/?ref_=fn_tt_tt_1,432,English,USA,R,150000000,2010,490,5.8,1.85,0
Color,David Yates,248,110,282,103,Alexander Skarsg rd,11000,124051759,8,Christoph Waltz,The Legend of Tarzan ,42372,21175,Casper Crump,2,africa|capture|jungle|male objectification|tarzan,http://www.imdb.com/title/tt0918940/?ref_=fn_tt_tt_1,239,English,USA,PG-13,180000000,2016,10000,6.6,2.35,29000
Color,Steve Hickner,194,91,58,826,Oprah Winfrey,2000,126597121,4,Matthew Broderick,Bee Movie ,105902,6576,Rip Torn,0,bee|dream sequence|egg|scatological humor|squashed bug,http://www.imdb.com/title/tt0389790/?ref_=fn_tt_tt_1,206,English,USA,PG,150000000,2007,852,6.2,1.85,0
Color,Jennifer Yuh Nelson,284,90,90,15,Gary Oldman,11000,165230261,4,Angelina Jolie Pitt,Kung Fu Panda 2 ,182718,21015,Mike Bell,0,china|kung fu|panda|peacock|tigress,http://www.imdb.com/title/tt1302011/?ref_=fn_tt_tt_1,209,English,USA,PG,150000000,2011,10000,7.3,2.35,20000
Color,M. Night Shyamalan,280,103,0,346,Noah Ringer,1000,131564731,2,Seychelle Gabriel,The Last Airbender ,118951,2857,Aasif Mandvi,0,avatar|fire|kingdom|tribe|water,http://www.imdb.com/title/tt0938283/?ref_=fn_tt_tt_1,1382,English,USA,PG,150000000,2010,756,4.2,2.35,18000
Color,J.J. Abrams,310,124,14000,979,Tom Cruise,22000,133382309,2,Philip Seymour Hoffman,Mission: Impossible III ,256695,34817,Eddie Marsan,0,arms dealer|fictional government agency|mission|rescue|vatican,http://www.imdb.com/title/tt0317919/?ref_=fn_tt_tt_1,871,English,USA,PG-13,150000000,2006,10000,6.9,2.35,0
Color,Roland Emmerich,339,131,776,256,Jake Weber,17000,73103784,1,Channing Tatum,White House Down ,164238,18204,Matt Craven,2,black u.s. president|president|secret service|tour|white house,http://www.imdb.com/title/tt2334879/?ref_=fn_tt_tt_1,434,English,USA,PG-13,150000000,2013,551,6.4,2.35,33000
Color,Simon Wells,132,88,25,433,Dan Fogler,921,21379315,4,Elisabeth Harnois,Mars Needs Moms ,17590,2652,Tom Everett Scott,0,boy|martian|rescue|robot|sexism,http://www.imdb.com/title/tt1305591/?ref_=fn_tt_tt_1,112,English,USA,PG,150000000,2011,562,5.4,2.35,0
Color,David Bowers,135,85,42,586,Kate Winslet,20000,64459316,4,Hugh Jackman,Flushed Away ,85086,35161,David Suchet,0,boat|frog|rat|sewer|toad,http://www.imdb.com/title/tt0424095/?ref_=fn_tt_tt_1,122,English,UK,PG,149000000,2006,14000,6.7,1.85,0
Color,Joe Wright,256,111,456,394,Cara Delevingne,20000,34964818,10,Hugh Jackman,Pan ,39956,21393,Nonso Anozie,4,1940s|child hero|3 world|orphan|reference to peter pan,http://www.imdb.com/title/tt3332064/?ref_=fn_tt_tt_1,186,English,USA,PG,150000000,2015,548,5.8,2.35,24000
Color,Rob Minkoff,196,92,50,517,Zach Callison,3000,111505642,4,Ty Burrell,Mr. Peabody & Sherman ,47900,5810,Karan Brar,2,dog|father son relationship|inventor|talking dog|time travel,http://www.imdb.com/title/tt0864835/?ref_=fn_tt_tt_1,130,English,USA,PG,145000000,2014,1000,6.9,1.85,11000
Color,Wolfgang Petersen,220,196,249,844,Orlando Bloom,11000,133228348,2,Brad Pitt,Troy ,381672,17944,Julian Glover,2,greek|mythology|prince|trojan|troy,http://www.imdb.com/title/tt0332452/?ref_=fn_tt_tt_1,1694,English,USA,R,175000000,2004,5000,7.2,2.35,0
Color,Eric Darnell,211,93,35,436,Martin Short,851,216366733,4,Jada Pinkett Smith,Madagascar 3: Europe's Most Wanted ,119213,2444,Cedric the Entertainer,0,animal|circus|island name in title|lemur|penguin,http://www.imdb.com/title/tt1277953/?ref_=fn_tt_tt_1,154,English,USA,PG,145000000,2012,770,6.9,1.85,17000
 Black and White,Lee Tamahori,264,133,93,746,Colin Salmon,769,160201106,2,Toby Stephens,Die Another Day ,169914,2538,Rick Yune,0,catfight|clinic|colonel|diamond|patricide,http://www.imdb.com/title/tt0246460/?ref_=fn_tt_tt_1,1185,English,UK,PG-13,142000000,2002,766,6.1,2.35,0
Color,Paul Feig,464,116,176,322,Kate McKinnon,783,118099659,9,Ed Begley Jr.,Ghostbusters ,69757,2097,Zach Woods,4,ghost|ghostbuster|ghostbusters|male objectification|reboot,http://www.imdb.com/title/tt1289401/?ref_=fn_tt_tt_1,1211,English,USA,PG-13,144000000,2016,370,5.5,2.35,62000
Color,Michael Bay,167,153,0,537,Steve Buscemi,13000,201573391,5,Bruce Willis,Armageddon ,322395,26029,Will Patton,0,asteroid|astronaut|bomb|meteorite|outer space,http://www.imdb.com/title/tt0120591/?ref_=fn_tt_tt_1,1171,English,USA,PG-13,140000000,1998,12000,6.6,2.35,11000
Color,Barry Sonnenfeld,208,88,188,826,Rosario Dawson,10000,190418803,9,Will Smith,Men in Black II ,270207,14823,Rip Torn,2,alien|lingerie|lingerie model|m.i.b.|pug,http://www.imdb.com/title/tt0120912/?ref_=fn_tt_tt_1,606,English,USA,PG-13,140000000,2002,3000,6.1,1.85,2000
Color,Robert Zemeckis,287,115,0,964,Anthony Hopkins,18000,82161969,4,Robin Wright,Beowulf ,142440,31523,Sebastian Roch ,1,creature|demon|king|reward|warrior,http://www.imdb.com/title/tt0442933/?ref_=fn_tt_tt_1,505,English,USA,PG-13,150000000,2007,12000,6.3,2.35,3000
Color,Alessandro Carloni,210,95,5,967,Angelina Jolie Pitt,24000,143523463,4,J.K. Simmons,Kung Fu Panda 3 ,64322,36095,Wayne Knight,0,china|kung fu|panda|pig|village,http://www.imdb.com/title/tt2267968/?ref_=fn_tt_tt_1,145,English,USA,PG,145000000,2016,11000,7.2,2.35,24000
Color,Brad Bird,432,133,663,690,Jeremy Renner,10000,209364921,2,Tom Cruise,Mission: Impossible - Ghost Protocol ,365104,21768,Michael Nyqvist,3,dubai|kremlin|race against time|russian|terrorist,http://www.imdb.com/title/tt1229238/?ref_=fn_tt_tt_1,512,English,USA,PG-13,145000000,2011,10000,7.4,2.35,35000
Color,Peter Ramsey,256,97,52,161,Kamil McFadden,20000,103400692,4,Hugh Jackman,Rise of the Guardians ,123553,20645,Khamani Griffin,0,belief|box office hit|children|new york city|tooth,http://www.imdb.com/title/tt1446192/?ref_=fn_tt_tt_1,174,English,USA,PG,145000000,2012,315,7.3,1.85,25000
Color,Dean Parisot,135,90,23,233,Richard Burgi,957,110332737,9,John Michael Higgins,Fun with Dick and Jane ,110788,1997,David Herman,1,animal abuse|ceo|heist|suburb|unemployment,http://www.imdb.com/title/tt0369441/?ref_=fn_tt_tt_1,258,English,USA,PG-13,100000000,2005,550,6.1,2.35,2000
Color,Edward Zwick,190,154,380,445,Tony Goldwyn,10000,111110575,1,Tom Cruise,The Last Samurai ,317166,11945,Chad Lindberg,1,captain|emperor|honor|japan|samurai,http://www.imdb.com/title/tt0325710/?ref_=fn_tt_tt_1,928,English,USA,R,140000000,2003,956,7.7,2.35,0
Color,Ridley Scott,314,150,0,748,Mar a Valverde,23000,65007045,2,Christian Bale,Exodus: Gods and Kings ,128682,26490,Ben Mendelsohn,0,egypt|exodus|moses|pharaoh|plague,http://www.imdb.com/title/tt1528100/?ref_=fn_tt_tt_1,657,English,UK,PG-13,140000000,2014,893,6.1,2.35,51000
Color,J.J. Abrams,518,127,14000,981,Leonard Nimoy,26000,257704099,6,Chris Hemsworth,Star Trek ,504419,39284,Bruce Greenwood,0,box office hit|future|lifted by the throat|star trek|vulcan,http://www.imdb.com/title/tt0796366/?ref_=fn_tt_tt_1,1559,English,USA,PG-13,150000000,2009,12000,8,2.35,19000
Color,Sam Raimi,291,121,0,4000,James Franco,24000,403706375,19,J.K. Simmons,Spider-Man ,544665,40484,Kirsten Dunst,0,evil|goblin|spider|spider man|superhero,http://www.imdb.com/title/tt0145487/?ref_=fn_tt_tt_1,2012,English,USA,PG-13,139000000,2002,11000,7.3,1.85,5000
Color,Dean DeBlois,292,102,255,953,Djimon Hounsou,18000,176997107,4,Gerard Butler,How to Train Your Dragon 2 ,221128,23378,America Ferrera,5,dragon|father son relationship|husband wife relationship|mother son relationship|viking,http://www.imdb.com/title/tt1646971/?ref_=fn_tt_tt_1,343,English,USA,PG,145000000,2014,3000,7.9,2.35,46000
Color,Alex Proyas,184,126,295,284,Elodie Yung,18000,31141074,19,Gerard Butler,Gods of Egypt ,51892,19769,Bryan Brown,4,ancient egypt|egypt|egyptian|egyptian god|egyptian goddess,http://www.imdb.com/title/tt2404233/?ref_=fn_tt_tt_1,273,English,USA,PG-13,140000000,2016,934,5.5,2.35,24000
Color,Rob Cohen,145,121,357,653,Joe Morton,820,31704416,5,Sam Shepard,Stealth ,45455,2705,Richard Roxburgh,0,artificial intelligence|box office flop|fighter jet|navy|pilot,http://www.imdb.com/title/tt0382992/?ref_=fn_tt_tt_1,388,English,USA,PG-13,135000000,2005,780,5,2.35,0
Color,Zack Snyder,451,215,0,413,Billy Crudup,986,107503316,1,Matt Frewer,Watchmen ,392474,2530,Stephen McHattie,1,conspiracy|cynicism|false promise of the american dream|male full frontal nudity|male nudity,http://www.imdb.com/title/tt0409459/?ref_=fn_tt_tt_1,1229,English,USA,R,130000000,2009,745,7.7,2.35,18000
Color,Richard Donner,141,127,503,91,Rene Russo,5000,129734803,20,Jet Li,Lethal Weapon 4 ,127497,6171,Darlene Love,2,kung fu|lapd|martial arts|private investigator|triad,http://www.imdb.com/title/tt0122151/?ref_=fn_tt_tt_1,287,English,USA,R,140000000,1998,808,6.6,2.35,0
Color,Ang Lee,267,138,0,258,Regi Davis,820,132122995,1,Kevin Rankin,Hulk ,212106,1814,Celia Weston,0,1980s|c 130 hercules|monster|panzer|san francisco california,http://www.imdb.com/title/tt0286716/?ref_=fn_tt_tt_1,1445,English,USA,PG-13,137000000,2003,300,5.7,1.85,0
Color,Jon M. Chu,351,122,209,934,Dwayne Johnson,17000,122512052,5,Channing Tatum,G.I. Joe: Retaliation ,146352,31958,Elodie Yung,6,general|gi joe|martial arts|ninja|president,http://www.imdb.com/title/tt1583421/?ref_=fn_tt_tt_1,288,English,USA,PG-13,130000000,2013,12000,5.8,2.35,42000
Color,Breck Eisner,163,124,42,848,Rainn Wilson,11000,68642452,9,Matthew McConaughey,Sahara ,77673,13073,Delroy Lindo,3,beach|civil war|desert|dictator|ship,http://www.imdb.com/title/tt0318649/?ref_=fn_tt_tt_1,463,English,UK,PG-13,130000000,2005,973,6,2.35,0
Color,Hironobu Sakaguchi,166,106,6,422,Ming-Na Wen,12000,32131830,4,Steve Buscemi,Final 3: The Spirits Within ,72259,15015,Jean Simmons,1,general|military|scientist|soldier|year 2065,http://www.imdb.com/title/tt0173840/?ref_=fn_tt_tt_1,788,English,USA,PG-13,137000000,2001,2000,6.4,1.85,0
Color,Joe Johnston,510,124,394,2000,Dominic Cooper,11000,176636816,6,Chris Evans,Captain America: The First Avenger ,508818,19761,Hayley Atwell,0,arctic|captain america|scientist|tesseract|war bond,http://www.imdb.com/title/tt0458339/?ref_=fn_tt_tt_1,679,English,USA,PG-13,140000000,2011,3000,6.9,2.35,46000
Color,Michael Apted,197,128,150,244,Maria Grazia Cucinotta,766,126930660,2,Colin Salmon,The World Is Not Enough ,157519,2037,Desmond Llewelyn,2,british|oil|scientist|terrorist|tycoon,http://www.imdb.com/title/tt0143145/?ref_=fn_tt_tt_1,683,English,UK,PG-13,135000000,1999,536,6.4,2.35,2000
Color,Peter Weir,244,138,608,168,Lee Ingleby,613,93926386,14,James D'Arcy,Master and Commander: The Far Side of the World ,168207,1205,David Threlfall,1,1800s|napoleonic wars|pursuit|royal navy|ship,http://www.imdb.com/title/tt0311113/?ref_=fn_tt_tt_1,684,English,USA,PG-13,150000000,2003,172,7.4,2.35,0
Color,Bill Condon,322,115,386,12000,Kristen Stewart,21000,292298923,18,Robert Pattinson,The Twilight Saga: Breaking Dawn - Part 2 ,185394,59177,Taylor Lautner,3,battle|friend|super strength|vampire|vision,http://www.imdb.com/title/tt1673434/?ref_=fn_tt_tt_1,329,English,USA,PG-13,120000000,2012,17000,5.5,2.35,65000
Color,George Miller,156,100,750,988,Brad Pitt,49000,63992328,4,Robin Williams,Happy Feet 2 ,32399,62644,Common,0,3d|antarctica|krill|penguin|sequel,http://www.imdb.com/title/tt1402488/?ref_=fn_tt_tt_1,79,English,Australia,PG,135000000,2011,11000,5.9,2.35,0
Color,Louis Leterrier,354,135,255,882,Peter Mensah,3000,134518390,6,Ty Burrell,The Incredible Hulk ,326286,5811,William Hurt,0,antidote|cure|hulk|marvel cinematic universe|opening 1 scene,http://www.imdb.com/title/tt0800080/?ref_=fn_tt_tt_1,643,English,USA,PG-13,150000000,2008,1000,6.8,2.35,0
Color,,21,60,,184,Philip Michael Thomas,982,,11,Don Johnson,Miami Vice             ,16769,1687,John Diehl,2,cult tv|detective|drugs|police|undercover,http://www.imdb.com/title/tt0086759/?ref_=fn_tt_tt_1,74,English,USA,TV-14,1500000,,321,7.5,1.33,0
Color,Steven Spielberg,252,117,14000,358,Penelope Wilton,535,52792307,10,Mark Rylance,The BFG ,12572,1950,Rafe Spall,0,cannibal|evil brother|giant|london england|queen,http://www.imdb.com/title/tt3691740/?ref_=fn_tt_tt_1,106,English,UK,PG,140000000,2016,400,6.8,2.35,27000
Color,Alejandro G. I  rritu,556,156,0,733,Tom Hardy,29000,183635922,12,Leonardo DiCaprio,The Revenant ,406020,57108,Lukas Haas,0,bear attack|cauterizing a wound|native american|revenge|survival,http://www.imdb.com/title/tt1663202/?ref_=fn_tt_tt_1,1188,English,USA,R,135000000,2015,27000,8.1,2.35,190000
Color,David Soren,166,96,13,463,Snoop Dogg,16000,83024900,4,Ryan Reynolds,Turbo ,62424,17416,Ben Schwartz,0,accident|freak accident|race|snail|underdog,http://www.imdb.com/title/tt1860353/?ref_=fn_tt_tt_1,90,English,USA,PG,135000000,2013,881,5,2.35,13000
Color,Gore Verbinski,362,107,563,939,Ray Winstone,40000,123207194,4,Johnny Depp,Rango ,183208,43291,Stephen Root,0,chameleon|lizard|sheriff|water|western town,http://www.imdb.com/title/tt1192628/?ref_=fn_tt_tt_1,337,English,USA,PG,135000000,2011,1000,7.2,2.35,26000
Color,Eric Darnell,153,92,35,179,Annet Mahendru,19000,83348920,4,Benedict Cumberbatch,Penguins of Madagascar ,60230,19963,Andy Richter,0,little girl|park|spy|statue of liberty|television van,http://www.imdb.com/title/tt1911658/?ref_=fn_tt_tt_1,118,English,USA,PG,132000000,2014,411,6.7,1.85,11000
Color,Paul Greengrass,329,115,521,883,Edgar Ram rez,13000,227137090,5,Matt Damon,The Bourne Ultimatum ,491077,17369,Albert Finney,0,1 hero|cia|dark past|flashback|memory,http://www.imdb.com/title/tt0440963/?ref_=fn_tt_tt_1,820,English,USA,PG-13,110000000,2007,897,8.1,2.35,0
Color,Mark Osborne,266,92,54,562,Wayne Knight,11000,215395021,4,Angelina Jolie Pitt,Kung Fu Panda ,307029,12754,Dan Fogler,0,kung fu|kung fu master|master|panda|snow leopard,http://www.imdb.com/title/tt0441773/?ref_=fn_tt_tt_1,360,English,USA,PG,130000000,2008,967,7.6,2.35,6000
Color,Peyton Reed,517,117,235,680,Hayley Atwell,2000,180191634,6,Judy Greer,Ant-Man ,313866,5730,T.I.,6,ant|chinatown san francisco|heist|sabotage|vault,http://www.imdb.com/title/tt0478970/?ref_=fn_tt_tt_1,549,English,USA,PG-13,130000000,2015,2000,7.4,1.85,61000
Color,Francis Lawrence,502,146,508,523,Josh Hutcherson,34000,424645577,2,Jennifer Lawrence,The Hunger Games: Catching Fire ,498397,49355,Sandra Ellis Lafferty,1,president|snow|television|tour|uprising,http://www.imdb.com/title/tt1951264/?ref_=fn_tt_tt_1,706,English,USA,PG-13,130000000,2013,14000,7.6,2.35,82000
Color,Bill Condon,322,115,386,12000,Kristen Stewart,21000,292298923,18,Robert Pattinson,The Twilight Saga: Breaking Dawn - Part 2 ,185394,59177,Taylor Lautner,3,battle|friend|super strength|vampire|vision,http://www.imdb.com/title/tt1673434/?ref_=fn_tt_tt_1,329,English,USA,PG-13,120000000,2012,17000,5.5,2.35,65000
Color,Tim Johnson,165,94,12,183,Matt Jones,17000,177343675,4,Jim Parsons,Home ,70121,17883,April Winchell,0,alien friendship|alien invasion|australia|flying car|mother daughter relationship,http://www.imdb.com/title/tt2224026/?ref_=fn_tt_tt_1,214,English,USA,PG,135000000,2015,523,6.7,1.85,26000
Color,Steven Spielberg,401,116,14000,807,Lisa Ann Walter,10000,234277056,2,Tom Cruise,14 of the Worlds ,334345,12758,Rick Gonzalez,0,alien|fight|storm|survival|tripod,http://www.imdb.com/title/tt0407304/?ref_=fn_tt_tt_1,2741,English,USA,PG-13,132000000,2005,1000,5,1.85,0
Color,Michael Bay,94,147,0,877,Henry Rollins,10000,138396624,1,Will Smith,Bad Boys II ,178126,12954,Jordi Moll ,1,cuba|dea|drugs|money|undercover,http://www.imdb.com/title/tt0172156/?ref_=fn_tt_tt_1,511,English,USA,R,130000000,2003,898,6.6,2.35,0
Color,Chris Miller,246,90,50,397,Constance Marie,4000,149234747,4,Salma Hayek,Puss in Boots ,114287,5046,Amy Sedaris,0,betrayal|egg|friend|goose|hero,http://www.imdb.com/title/tt0448694/?ref_=fn_tt_tt_1,137,English,USA,PG,130000000,2011,442,6.7,2.35,16000
Color,Phillip Noyce,330,101,176,282,Andre Braugher,11000,118311368,20,Angelina Jolie Pitt,Salt ,245621,12406,August Diehl,1,cia|on the run|russian|russian spy|strong female lead,http://www.imdb.com/title/tt0944835/?ref_=fn_tt_tt_1,514,English,USA,PG-13,110000000,2010,702,6.4,2.35,23000
Color,Darren Aronofsky,434,138,0,8000,Emma Watson,12000,101160529,12,Anthony Hopkins,Noah ,200022,32355,Logan Lerman,2,ark|flood|noah's ark|water|wrath of god,http://www.imdb.com/title/tt1959490/?ref_=fn_tt_tt_1,1240,English,USA,PG-13,125000000,2014,9000,5.8,1.85,71000
Color,Steven Spielberg,440,107,14000,845,Mackenzie Crook,2000,77564037,2,Toby Jones,The 2s of Tintin ,177383,4631,Tony Curran,1,captain|morocco|ship|tintin|treasure,http://www.imdb.com/title/tt0983193/?ref_=fn_tt_tt_1,447,English,USA,PG,135000000,2011,871,7.4,2.35,44000
Color,Alfonso Cuar n,274,142,0,10000,Gary Oldman,11000,249358727,10,Daniel Radcliffe,Harry Potter and the Prisoner of Azkaban ,382255,33284,Rupert Grint,3,magic|muggle|serial killer|traitor|wizard,http://www.imdb.com/title/tt0304141/?ref_=fn_tt_tt_1,1504,English,UK,PG,130000000,2004,10000,7.8,2.35,11000
Color,Baz Luhrmann,245,165,1000,165,Bryan Brown,309,49551662,14,Essie Davis,Australia ,102338,921,Eddie Baroo,0,australia|cattle|darwin|drover|japanese,http://www.imdb.com/title/tt0455824/?ref_=fn_tt_tt_1,450,English,Australia,PG-13,130000000,2008,284,6.6,2.35,0
Color,M. Night Shyamalan,349,100,0,894,Zo  Kravitz,10000,60522097,6,Will Smith,After Earth ,158720,14168,Glenn Morshower,0,box office flop|father son team|fear|race against time|real life father and son playing father and son,http://www.imdb.com/title/tt1815862/?ref_=fn_tt_tt_1,744,English,USA,PG-13,130000000,2013,943,4.9,2.35,37000
Color,Eric Leighton,145,82,0,388,D.B. Sweeney,1000,137748063,4,Alfre Woodard,Dinosaur ,38438,2945,Della Reese,1,egg|iguanodon|lemur|meteor|nesting grounds,http://www.imdb.com/title/tt0130623/?ref_=fn_tt_tt_1,241,English,USA,PG,127500000,2000,558,5,1.85,0
Color,Matt Birch,1,,0,159,Dave Legeno,10000,,1,Rupert Grint,Harry Potter and the Deathly Hallows: Part II ,381,11036,Ralph Ineson,1,,http://www.imdb.com/title/tt1680310/?ref_=fn_tt_tt_1,2,English,UK,,,2011,570,7.5,,40
Color,Shawn Levy,154,98,189,1000,Rami Malek,49000,113733726,3,Robin Williams,Night at the Museum: Secret of the Tomb ,67223,53587,Steve Coogan,7,museum|museum of natural 13 manhattan new york city|night watchman|star died before release|tablet,http://www.imdb.com/title/tt2692250/?ref_=fn_tt_tt_1,126,English,USA,PG,127000000,2014,3000,6.2,1.85,11000
Color,Tom McGrath,233,95,96,8000,Brad Pitt,24000,148337537,4,J.K. Simmons,Megamind ,172754,46120,Will Ferrell,3,battle|city|planet|prison|superhero,http://www.imdb.com/title/tt1001526/?ref_=fn_tt_tt_1,187,English,USA,PG,130000000,2010,11000,7.3,2.35,13000
Color,Chris Columbus,258,159,0,645,Fiona Shaw,11000,317557891,10,Daniel Radcliffe,Harry Potter and the Sorcerer's Stone ,444683,13191,Verne Troyer,4,based on novel|birthday|evil wizard|quidditch|wizard,http://www.imdb.com/title/tt0241527/?ref_=fn_tt_tt_1,1571,English,UK,PG,125000000,2001,687,7.5,2.35,16000
Color,Robert Schwentke,208,96,124,1000,Jeff Bridges,16000,33592415,1,Ryan Reynolds,R.I.P.D. ,91640,31549,Stephanie Szostak,2,drug dealer|gold|partner|police|undead,http://www.imdb.com/title/tt0790736/?ref_=fn_tt_tt_1,210,English,USA,PG-13,130000000,2013,12000,5.6,2.35,20000
Color,Hideaki Anno,1,120,28,12,Shin'ya Tsukamoto,544,,2,Mark Chinnery,Godzilla Resurgence ,374,699,Atsuko Maeda,0,blood|godzilla|monster|sequel,http://www.imdb.com/title/tt4262980/?ref_=fn_tt_tt_1,13,Japanese,Japan,,,2016,106,8.2,2.35,0
Color,Gore Verbinski,271,143,563,1000,Orlando Bloom,40000,305388685,19,Johnny Depp,Pirates of the Caribbean: The Curse of the Black Pearl ,809474,48184,Jack Davenport,3,caribbean|curse|governor|pirate|undead,http://www.imdb.com/title/tt0325980/?ref_=fn_tt_tt_1,2113,English,USA,PG-13,140000000,2003,5000,8.1,2.35,10000
Color,Matt Birch,4,,0,1000,Toby Jones,10000,,3,Rupert Grint,Harry Potter and the Deathly Hallows: Part I ,252,14719,Alfred Enoch,1,,http://www.imdb.com/title/tt1571403/?ref_=fn_tt_tt_1,2,English,UK,,,2010,2000,6.4,,25
Color,Francis Lawrence,403,123,508,14000,Philip Seymour Hoffman,34000,337103873,2,Jennifer Lawrence,The Hunger Games: Mockingjay - Part 1 ,305008,81385,Josh Hutcherson,1,based on young adult novel|manipulation|rebellion|symbol|uprising,http://www.imdb.com/title/tt1951265/?ref_=fn_tt_tt_1,591,English,USA,PG-13,125000000,2014,22000,6.7,2.35,52000
Color,Ron Howard,294,174,2000,362,Seth Gabel,15000,217536138,5,Tom Hanks,The Da Vinci Code ,314253,16008,J rgen Prochnow,2,based on supposedly true story|holy grail|mary magdalene|opus dei|secret,http://www.imdb.com/title/tt0382625/?ref_=fn_tt_tt_1,1966,English,USA,PG-13,125000000,2006,574,6.6,2.35,0
Color,Carlos Saldanha,159,101,107,56,Rachel Crow,688,131536019,4,Miguel Ferrer,Rio 2 ,58498,1031,Jeffrey Garcia,0,amazon|bird|father in law|jungle|no opening credits,http://www.imdb.com/title/tt2357291/?ref_=fn_tt_tt_1,99,English,USA,G,103000000,2014,237,6.4,2.35,0
Color,Bryan Singer,289,134,0,346,Bruce Davison,20000,214948780,19,Hugh Jackman,X-Men 2 ,405973,20952,Aaron Stanford,4,mutant|prison|professor|school|x men,http://www.imdb.com/title/tt0290334/?ref_=fn_tt_tt_1,1055,English,Canada,PG-13,110000000,2003,505,7.5,2.35,0
Color,Justin Lin,342,132,681,12000,Vin Diesel,23000,209805005,20,Paul Walker,Fast Five ,284792,55345,Dwayne Johnson,3,drug lord|drugs|federal agent|heist|police,http://www.imdb.com/title/tt1596343/?ref_=fn_tt_tt_1,366,English,USA,PG-13,125000000,2011,14000,7.3,2.35,54000
Color,Guy Ritchie,382,129,0,154,Eddie Marsan,21000,186830669,20,Robert Downey Jr.,Sherlock Holmes: A Game of Shadows ,338635,22403,Paul Anderson,2,factory|gypsy|investigation|sherlock holmes|train,http://www.imdb.com/title/tt1515091/?ref_=fn_tt_tt_1,412,English,USA,PG-13,125000000,2011,979,7.5,2.35,39000
Color,Louis Leterrier,344,106,255,850,Jason Flemyng,14000,163192114,19,Liam Neeson,Clash of the Titans ,229679,18003,Alexa Davalos,0,famous line|hand to hand combat|kraken|rape|zeus,http://www.imdb.com/title/tt0800320/?ref_=fn_tt_tt_1,637,English,USA,PG-13,125000000,2010,1000,5.8,2.35,15000
Color,Paul Verhoeven,196,113,719,217,Rachel Ticotin,605,119412921,1,Ronny Cox,Total Recall ,240241,1441,Marshall Bell,0,ambiguous ending|false memory|implanted memory|memory|space colony,http://www.imdb.com/title/tt0100802/?ref_=fn_tt_tt_1,391,English,USA,R,65000000,1990,308,7.5,1.85,0
Color,John McTiernan,85,102,323,241,Vladimir Kulich,845,32694788,13,Tony Curran,The 13th 14rior ,101411,1815,Clive Russell,1,arab|battle|combat|viking|warrior,http://www.imdb.com/title/tt0120657/?ref_=fn_tt_tt_1,546,English,USA,R,85000000,1999,372,6.6,2.35,0
Color,Tony Gilroy,436,135,209,602,Scott Glenn,10000,113165635,2,Jeremy Renner,The Bourne Legacy ,229823,12175,Stacy Keach,0,assassin|cia|drone|pill|wolf,http://www.imdb.com/title/tt1194173/?ref_=fn_tt_tt_1,504,English,USA,PG-13,125000000,2012,826,6.7,2.35,31000
Color,Joel Schumacher,183,125,541,409,Vivica A. Fox,920,107285004,1,Michael Gough,Batman & Robin ,189855,2699,John Glover,3,butler|critically bashed|cure|freeze|gotham,http://www.imdb.com/title/tt0118688/?ref_=fn_tt_tt_1,1018,English,USA,PG-13,125000000,1997,890,3.7,1.85,0
Color,Ron Howard,175,110,2000,636,T.J. Thyne,1000,260031035,9,Clint Howard,How the Grinch Stole Christmas ,141414,4146,Molly Shannon,0,box office hit|christmas|materialism|public humiliation|snowflake,http://www.imdb.com/title/tt0170016/?ref_=fn_tt_tt_1,482,English,USA,PG,123000000,2000,722,6,1.85,0
Color,Roland Emmerich,239,124,776,812,Dennis Quaid,15000,186739919,5,Jake Gyllenhaal,The Day After Tomorrow ,333248,20553,Sela 14d,0,climate|end of the world|global warming|natural disaster|weather,http://www.imdb.com/title/tt0319262/?ref_=fn_tt_tt_1,1159,English,USA,PG-13,125000000,2004,2000,6.4,2.35,19000
Color,John Woo,237,123,610,653,Dougray Scott,10000,215397307,2,Tom Cruise,Mission: Impossible II ,242188,11930,Richard Roxburgh,0,cure|mission|terrorist|thief|virus,http://www.imdb.com/title/tt0120755/?ref_=fn_tt_tt_1,1426,English,USA,PG-13,125000000,2000,794,6.1,2.35,0
Color,Wolfgang Petersen,231,130,249,461,Mary Elizabeth Mastrantonio,784,182618434,2,Karen Allen,The Perfect Storm ,133076,2684,Bob Gunton,0,death|fish|fishing|sea|storm,http://www.imdb.com/title/tt0177971/?ref_=fn_tt_tt_1,779,English,USA,PG-13,140000000,2000,638,6.4,2.35,0
Color,Tim Story,262,92,167,702,Ioan Gruffudd,11000,131920333,5,Chris Evans,Fantastic 4: Rise of the Silver Surfer ,213275,15302,Andre Braugher,3,fantastic four|space|strong female character|strong female lead|superheroine,http://www.imdb.com/title/tt0486576/?ref_=fn_tt_tt_1,436,English,USA,PG,130000000,2007,2000,5.6,2.35,0
Color,Ang Lee,552,127,0,341,Rafe Spall,774,124976634,13,Suraj Sharma,Life of Pi ,440084,2121,Tabu,0,animal|faith|india|journey|tiger,http://www.imdb.com/title/tt0454876/?ref_=fn_tt_tt_1,755,English,USA,PG,120000000,2012,358,8,1.85,122000
Color,Mark Steven Johnson,276,123,160,402,Matt Long,12000,115802596,1.3,Nicolas Cage,Ghost Rider ,182661,14017,Peter Fonda,1,blackheart|devil|father|ghost|mephistopheles,http://www.imdb.com/title/tt0259324/?ref_=fn_tt_tt_1,681,English,USA,PG-13,110000000,2007,701,5.2,2.35,0
Color,Paul Greengrass,267,123,521,265,Riz Ahmed,13000,108521835,1.5,Matt Damon,Jason Bourne ,40123,13752,Ato Essandoh,0,black ops|chase|cia|cia agent|repeated scene,http://www.imdb.com/title/tt4196776/?ref_=fn_tt_tt_1,297,English,UK,PG-13,120000000,2016,365,7.1,2.35,31000
Color,McG,102,107,368,1000,Bernie Mac,2000,100685880,9,Demi Moore,Charlie's Angels: Full Throttle ,100821,4046,Justin Theroux,0,fbi|murder|ring|witness protection|witness protection program,http://www.imdb.com/title/tt0305357/?ref_=fn_tt_tt_1,554,English,USA,PG-13,120000000,2003,1000,4.8,2.35,0
Color,Ridley Scott,775,124,0,641,Charlize Theron,13000,126464904,11,Michael Fassbender,Prometheus ,456260,24098,Sean Harris,0,cave painting|medical scanner|planet|pregnant with an alien fetus|suspended 4,http://www.imdb.com/title/tt1446714/?ref_=fn_tt_tt_1,2326,English,USA,R,130000000,2012,9000,7,2.35,97000
Color,Rob Minkoff,71,77,50,537,Brad Garrett,886,64736114,4,Nathan Lane,Stuart Little 2 ,36471,2682,Melanie Griffith,0,anthropomorphic mouse|falcon|marshmallow|second part|soccer,http://www.imdb.com/title/tt0243585/?ref_=fn_tt_tt_1,69,English,USA,PG,120000000,2002,799,5.4,1.85,459
Color,Neill Blomkamp,476,109,662,1000,Sharlto Copley,13000,93050117,12,Matt Damon,Elysium ,338087,17689,Alice Braga,0,christ figure|class differences|messiah|saviour|social commentary,http://www.imdb.com/title/tt1535108/?ref_=fn_tt_tt_1,814,English,USA,R,115000000,2013,2000,6.6,2.35,61000
Color,David Twohy,207,134,123,567,Alexa Davalos,14000,57637485,5,Vin Diesel,The Chronicles of Riddick ,183909,17159,Christina Cox,0,bounty hunter|escape|necromonger|planet|warrior,http://www.imdb.com/title/tt0296572/?ref_=fn_tt_tt_1,666,English,USA,PG-13,105000000,2004,850,6.7,2.35,0
Color,Jos  Padilha,492,117,294,1000,Abbie Cornish,10000,58607007,20,Gary Oldman,RoboCop ,182899,14161,Jennifer Ehle,0,law enforcement|police|robocop|robot|technology,http://www.imdb.com/title/tt1234721/?ref_=fn_tt_tt_1,630,English,USA,PG-13,100000000,2014,2000,6.2,2.35,60000
Color,Lana Wachowski,284,135,0,87,Kick Gurry,690,43929341,1,Scott Porter,Speed Racer ,57873,902,Nicholas Elia,0,based on anime|based on cartoon|gadget car|racer|speed,http://www.imdb.com/title/tt0811080/?ref_=fn_tt_tt_1,414,English,USA,PG,120000000,2008,107,6.1,2.35,0
Color,James L. Brooks,168,121,274,157,Domenick Lombardozzi,273,30212620,9,Shelley Conn,How Do You Know ,35066,993,Teyonah Parris,4,embarrassment|falling in love|love|love triangle|revelation,http://www.imdb.com/title/tt1341188/?ref_=fn_tt_tt_1,196,English,USA,PG-13,120000000,2010,216,5.3,1.85,0
Color,James Mangold,283,117,446,877,Marc Blucas,10000,76418654,9,Tom Cruise,Knight and Day ,148280,12731,Jordi Moll ,0,chase|fbi|garage|spy|surveillance,http://www.imdb.com/title/tt1013743/?ref_=fn_tt_tt_1,348,English,USA,PG-13,117000000,2010,973,6.3,2.35,11000
Color,Joseph Kosinski,539,124,364,1000,Tom Cruise,11000,89021735,11,Morgan Freeman,Oblivion ,387436,22004,Zo  Bell,0,cabin in the woods|drone|flying through a thunderstorm|post apocalypse|sex in a pool,http://www.imdb.com/title/tt1483013/?ref_=fn_tt_tt_1,892,English,USA,PG-13,120000000,2013,10000,7,2.35,71000
Color,George Lucas,359,140,0,4000,Christopher Lee,20000,380262555,16,Natalie Portman,Star 14s: Episode III - Revenge of the Sith ,520104,44042,Hayden Christensen,4,elongated cry of no|friends become enemies|kicked in the butt|robotic midwife|vision,http://www.imdb.com/title/tt0121766/?ref_=fn_tt_tt_1,3286,English,USA,PG-13,113000000,2005,16000,7.6,2.35,10000
Color,George Lucas,284,142,0,4000,Christopher Lee,20000,310675583,16,Natalie Portman,Star 14s: Episode II - Attack of the Clones ,464310,42990,Hayden Christensen,3,martial arts|murdered before giving protagonist information|part computer 4|prequel|prequel to cult film,http://www.imdb.com/title/tt0121765/?ref_=fn_tt_tt_1,3516,English,USA,PG,115000000,2002,16000,6.7,1.78,0
Color,Pete Docter,250,92,0,773,John Ratzenberger,12000,289907418,4,Steve Buscemi,"Monsters, Inc. ",585659,15013,James Coburn,0,friend|little girl|monster|rival|scream,http://www.imdb.com/title/tt0198781/?ref_=fn_tt_tt_1,593,English,USA,G,115000000,2001,1000,8.1,1.85,0
Color,James Mangold,440,138,446,929,Tao Okamoto,20000,132550960,5,Hugh Jackman,The Wolverine ,328067,23755,Rila Fukushima,1,healing power|marvel comics|mecha|regeneration|self healing,http://www.imdb.com/title/tt1430132/?ref_=fn_tt_tt_1,533,English,USA,PG-13,120000000,2013,992,6.7,2.35,68000
Color,George Lucas,320,136,0,1000,Liam Neeson,20000,474544677,16,Natalie Portman,Star 14s: Episode I - The Phantom Menace ,534658,37723,Ian McDiarmid,1,alien|character says i have a bad feeling about this|hand to hand combat|seven word title|wilhelm scream,http://www.imdb.com/title/tt0120915/?ref_=fn_tt_tt_1,3597,English,USA,PG,115000000,1999,14000,5,2.35,13000
Color,Kirk De Micco,257,98,16,12000,Emma Stone,16000,187165546,4,Ryan Reynolds,The Croods ,150618,43286,Nicolas Cage,3,cave|caveman|journey|strict father|survival,http://www.imdb.com/title/tt0481499/?ref_=fn_tt_tt_1,195,English,USA,PG,135000000,2013,15000,7.3,2.35,28000
Color,Fr d ric Forestier,33,116,0,141,Santiago Segura,936,,9,Alain Delon,Asterix at the Olympic Games ,20567,1609,Vanessa Hessler,1,1st century b.c.|lightsaber|local blockbuster|magical potion|potion,http://www.imdb.com/title/tt0463872/?ref_=fn_tt_tt_1,36,French,France,,78000000,2008,276,5.1,2.35,291
Color,John Woo,152,153,610,617,Roger Willie,12000,40911830,12,Nicolas Cage,Windtalkers ,55994,15046,Noah Emmerich,0,code|duty|steel helmet|u.s. marine|u.s. soldier,http://www.imdb.com/title/tt0245562/?ref_=fn_tt_tt_1,454,English,USA,R,115000000,2002,836,6,2.35,0
Color,Cedric Nicolas-Troyan,231,120,19,9000,Sam Claflin,26000,47952020,13,Chris Hemsworth,The Huntsman: Winter's 14 ,37750,46719,Charlize Theron,2,based on fairy tale|dark 3|fairy tale|second part|sequel,http://www.imdb.com/title/tt2381991/?ref_=fn_tt_tt_1,134,English,USA,PG-13,115000000,2016,11000,6.1,2.35,16000
Color,Jonathan Liebesman,348,101,473,429,Danny Woodburn,833,190871240,2.6,Noel Fisher,Teenage Mutant Ninja Turtles ,167085,2690,Jeremy Howard,0,18 wheeler|mutant|ninja|sewer|turtle,http://www.imdb.com/title/tt1291150/?ref_=fn_tt_tt_1,491,English,USA,PG-13,125000000,2014,809,5.9,2.35,62000
Color,Alfonso Cuar n,738,91,0,13,Basher Savage,39,274084951,2,Phaldut Sharma,Gravity ,582917,87,Amy 14ren,0,box office hit|long take|sole survivor|space|space station,http://www.imdb.com/title/tt1454468/?ref_=fn_tt_tt_1,1885,English,UK,PG-13,100000000,2013,23,7.8,2.35,147000
Color,Roger Donaldson,93,108,79,268,Grant Heslov,650,67155742,2,Jamie Ren e Smith,Dante's Peak ,62271,1569,Tzi Ma,1,ash|escape|lava|mayor|volcano,http://www.imdb.com/title/tt0118928/?ref_=fn_tt_tt_1,277,English,USA,PG-13,116000000,1997,293,5.8,2.35,0
Color,Dave Green,181,112,13,799,Noel Fisher,5000,81638674,6,Stephen Amell,Teenage Mutant Ninja Turtles: Out of the Shadows ,17533,8306,Brad Garrett,,based on comic book|brother brother relationship|rat|sequel|turtle,http://www.imdb.com/title/tt3949660/?ref_=fn_tt_tt_1,115,English,USA,PG-13,135000000,2016,833,6.3,2.35,12000
Color,Josh Trank,369,100,128,78,Reg E. Cathey,596,56114221,6,Tim Blake Nelson,Fantastic Four ,110486,1261,Tim Heidecker,3,box office flop|critically bashed|portal|teleportation|troubled production,http://www.imdb.com/title/tt1502712/?ref_=fn_tt_tt_1,695,English,USA,PG-13,120000000,2015,360,4.3,2.35,41000
Color,Shawn Levy,179,108,189,1000,Rami Malek,49000,250863268,9,Robin Williams,Night at the Museum ,234480,55486,Steve Coogan,2,chaos|museum|museum of natural 13|night watchman|watchman,http://www.imdb.com/title/tt0477347/?ref_=fn_tt_tt_1,444,English,USA,PG,110000000,2006,3000,6.4,1.85,3000
Color,Brad Peyton,358,114,62,884,Ioan Gruffudd,12000,155181732,12,Dwayne Johnson,San Andreas ,147497,16718,Archie Panjabi,0,disaster movie|earthquake|journey|natural disaster|san andreas fault,http://www.imdb.com/title/tt2126355/?ref_=fn_tt_tt_1,499,English,USA,PG-13,110000000,2015,2000,6.1,2.35,52000
Color,Roger Spottiswoode,160,119,55,387,Colin Salmon,811,125332007,2,Vincent Schiavelli,Tomorrow Never Dies ,149680,2958,Joe Don Baker,3,ex boyfriend ex girlfriend relationship|media tycoon|megalomaniac|official james bond series|world war three,http://www.imdb.com/title/tt0120347/?ref_=fn_tt_tt_1,328,English,UK,PG-13,110000000,1997,766,5,2.35,0
Color,Roland Emmerich,192,142,776,1000,Adam Baldwin,13000,113330342,1,Heath Ledger,The Patriot ,207613,19454,Tom Wilkinson,1,american revolution|british|french|hero|standoff,http://www.imdb.com/title/tt0187393/?ref_=fn_tt_tt_1,1144,English,USA,R,110000000,2000,2000,7.1,2.35,4000
Color,Steven Soderbergh,198,125,0,350,Julia Roberts,11000,125531634,20,Brad Pitt,Ocean's Twelve ,284852,19359,Mini Anden,0,father daughter relationship|heist|pretending to be pregnant|sequel|thief,http://www.imdb.com/title/tt0349903/?ref_=fn_tt_tt_1,627,English,USA,PG-13,110000000,2004,8000,6.4,2.35,0
